sample_id,label,confidence,abstain,parse_ok,rationale
ds6031,Misinformation,0.95,False,True,"The image is identified as AI-generated (visual_veracity ai_generated=true, confidence=0.9), depicting a surreal and impossible scene of a frog floating above a tank. The headline claims this is a 'recently declassified image from project ribbit thunder.' However, evidence shows that 'Ribbit' is primarily associated with a character from the animated series 'The Amazing Digital Circus' or a cryptocurrency token, with no credible evidence linking 'Project Ribbit Thunder' to any real military declassification or a tank-frog image. The combination of an AI-generated visual with a fabricated or misleading context regarding military declassification constitutes misinformation."
3397,Misinformation,0.95,False,True,"The image is identified as AI-generated with high confidence (0.8). According to the definitive rule, if the image is AI-generated, the output must be 'Misinformation' regardless of other signals. Additionally, the claim that Planet Hollywood Las Vegas is owned by a corporation based in Paris, Texas, is factually incorrect; evidence confirms it is owned and operated by Caesars Entertainment, which is based in Nevada, not a Texas corporation."
ds4717,Not Misinformation,0.85,False,True,"The headline claims that Khloe Kardashian was forced by Tristan Thompson to follow a strict pregnancy diet after a binge. The retrieved evidence supports the core elements of this claim. Specifically, multiple sources (Inquisitr [1], OK Magazine [2], The Sun [5]) report that Tristan Thompson intervened in Khloe's pregnancy routine, telling her he 'won't stand for unhealthy habits' and putting her on a diet. The context of a 'binge' is supported by reports of Khloe enjoying junk food after her weight loss program [1] and her own admissions of struggles with binge eating and cravings for cookies and ice cream [4, 5, 7]. While the word 'forced' is strong, the reports describe Thompson's active and controlling role in her dietary choices during pregnancy, which aligns with the sensationalized "
4718,Not Misinformation,0.85,False,True,"The headline claims Jennifer Lopez might take a 'break' from Alex Rodriguez. Evidence confirms that Jennifer Lopez and Alex Rodriguez ended their relationship in March 2021 after a four-year romance and two-year engagement (Sources [1], [2], [5], [8]). While the relationship has officially ended (making 'break' a euphemism for the breakup or a reference to their post-breakup dynamic), the core subject matter is factually grounded in their well-documented history. The module signals indicate the image is real (not AI-generated) and partially aligned. The 'answers' section provided in the prompt explicitly states they took a break which led to a breakup, and the retrieved evidence supports the timeline of their split. Therefore, the headline is not considered misinformation in the context of"
ds2101,Not Misinformation,0.95,False,True,"The image depicts a table with two wine glasses and a centerpiece, which aligns perfectly with the claim. The module signals confirm that the image is not AI-generated (visual_veracity.ai_generated=false) and is relevant to the claim. The retrieved evidence supports the existence and commonality of such table settings, defining centerpieces and wine glass usage in table decor. There is no evidence of manipulation or falsehood."
5000,Misinformation,0.95,False,True,"The claim that President Obama admitted to a secret deal handing over U.S. territory to China to settle debt is factually false. Evidence [1] from the White House archives confirms that Obama's 2014 visit to China focused on expanding cooperation on global, regional, and bilateral issues, with no mention of territorial transfers. Furthermore, evidence [1] and [2] regarding U.S. territory clarifies that Hong Kong was handed over by Britain to China in 1997, long before Obama took office, and is not U.S. territory. There is no evidence in the retrieved sources of any U.S. territory being transferred to China, nor any 'secret deal' regarding debt settlement involving territorial cession. The claim conflates diplomatic relations and existing geopolitical facts (like Hong Kong's status) with a "
ds4724,Not Misinformation,0.85,False,True,"The headline claims the couple is sleeping in separate bedrooms. Evidence [2] from the 'Clooney couple sleeping arrangements news' section explicitly states: 'It’s not accurate that George and Amal sleep in separate rooms due to the actor’s snoring and other bad habits. The happy couple has been together for nearly 8 years, so they have most likely resorted to each other’s quirks.' This directly contradicts the specific claim in the headline. While there are rumors of separation (Evidence [4], [5], [2] from recent updates), the specific detail about sleeping arrangements is refuted by the provided evidence. The image is a real photo (visual_veracity ai_generated=false), so the AI rule does not apply. The claim is false based on the specific detail provided."
ds1157,Not Misinformation,0.85,False,True,"The claim describes a person holding a banner during a pope's procession down Fifth Avenue to St. Patrick's Cathedral. Evidence confirms that Pope Francis traveled down Fifth Avenue in a motorcade (Popemobile) to St. Patrick's Cathedral on September 24, 2015, and that Pope Paul VI also traveled down Fifth Avenue to the Cathedral in 1965, where 55,000 people lined the street [2], [8], [1]. While the specific detail of a 'person holding a banner' is not explicitly detailed in the snippets for the NYC visits, it is a highly plausible and common occurrence during such high-profile public processions (as evidenced by banners being held during other papal visits in East Timor and Africa [2], [3]). The image is verified as not AI-generated. The core event (Pope procession on Fifth Avenue to St. P"
5013,Misinformation,0.85,False,True,"The headline claims a 'Controversial Dating Revelation' regarding Brooke Burke's divorce that sparks speculation. However, the retrieved evidence indicates that Brooke Burke's divorce from David Charvet was finalized years ago (around 2019/2021), and she is currently engaged to Scott Rigsby. The recent news (June 2025) concerns the postponement of her wedding to Rigsby, not a new dating revelation amid divorce. Furthermore, the module signals explicitly state that the image is 'aligned: false' and does not depict Brooke Burke or the specific event mentioned. The image shows two generic individuals on a stage, likely from a TV show, which is irrelevant to the specific claim about Burke's personal life. The mismatch between the specific, sensationalized claim and the generic, irrelevant imag"
ds9980,Not Misinformation,0.85,False,True,"The image depicts an Iraqi girl and her family at a Kurdish checkpoint, which aligns with extensive historical news coverage of civilians fleeing conflict zones (particularly ISIS) in northern Iraq (e.g., Mosul, Tal Afar) to seek refuge in the autonomous Kurdish region. Evidence [3], [8], and [10] specifically describe scenes of Iraqi families, including girls, arriving at or waiting near Kurdish checkpoints (such as Aski Kalak or Khazir) in fields or temporary camps. While the headline implies a specific recent event ('settles... in 2023'), the visual content is consistent with well-documented humanitarian crises in the region where such imagery was common. The module signals indicate the image is not AI-generated and is partially aligned with the context. The 'partial' alignment likely s"
ds2354,Not Misinformation,0.85,False,True,"The image depicts a large airplane flying low in a cloudy sky, which aligns with the claim. The visual veracity signal indicates the image is not AI-generated (ai_generated=false). The retrieved evidence supports the plausibility of the scene: multiple sources confirm that planes frequently fly low due to factors such as weather conditions (clouds, wind), landing approaches, or specific aircraft types (e.g., C-17s mentioned in [7]). While the image itself is a generic stock-style photo and not necessarily a specific news event, the claim 'A big plane flying low on a cloudy sky' is a factual description of a common aviation occurrence supported by the evidence regarding flight paths and weather impacts. There is no evidence suggesting the image is fake or the claim is false/misleading in a "
ds4,Not Misinformation,0.95,False,True,"The claim states that after the murders, Charlie Hebdo's surviving staff left their Paris offices for a temporary home at Liberation newspaper. This is factually correct. Multiple evidence sources confirm that immediately following the January 2015 attack, Charlie Hebdo staff relocated to the offices of the newspaper Liberation (Libération) to continue publishing. Source [6] explicitly states they were 'operating in the offices of the newspaper Liberation' in January 2015. Source [2] and [3] confirm they 'squatted' or stayed there for more than six months before moving to new rented offices in September 2015. Source [4] also notes that Libération's newsroom took in the surviving staff members the day after the attacks. The image provided appears to be a generic memorial or unrelated photo,"
8830,Not Misinformation,0.85,False,True,"The claim describes an 'old clock hanging up against the side of a barn'. The retrieved evidence confirms that such objects exist and are documented. Specifically, Evidence [3] from Unsplash explicitly describes a photo titled 'A barn with a clock on the side of it' located in Michigan. Additionally, Evidence [2] from WatchUSeek discusses a custom-built clock for a barn in Wisconsin, and Evidence [1] from Pinterest shows ideas for 'clock barn' decor. While the module signals indicated low relevancy due to missing context in the image description, the visual veracity check confirmed the image is not AI-generated (ai_generated=false). Since the image is real and the scenario described (a clock on a barn) is factually supported by multiple real-world examples and stock photos in the evidence,"
ds5053,Misinformation,0.85,False,True,"The claim that drinking green tea daily increases lifespan by exactly 'Ten Years' is a specific, quantifiable assertion that is not supported by the retrieved evidence. While multiple sources ([3], [4], [8], [10]) confirm that green tea is associated with increased longevity, reduced risk of cardiovascular disease, and better health outcomes, none cite a study establishing a specific ten-year extension. Source [3] references a study by Dr. Shinichi Kuriyama but does not mention a ten-year figure. Source [4] mentions an 'increased life span' in the elderly but lacks the specific magnitude. Source [5] explicitly states that 'Few scientific studies confirm a direct effect on long-term health and longevity.' The specific 'ten years' figure appears to be a fabrication or exaggeration not found "
ds2437,Misinformation,0.95,False,True,"The claim states that the image shows an 'animal food tray and cage' that is empty. However, the module signals explicitly identify the image as a 'disc golf basket' and state that there is 'no meaningful connection to the subject described in the headline.' The image does not depict an animal food tray or a cage; it depicts sports equipment. Therefore, the caption is factually incorrect regarding the content of the image, constituting misinformation."
ds1754,Not Misinformation,0.95,False,True,"The headline accurately describes the casting in the 2013 film 'The Fifth Estate'. Multiple credible sources, including Wikipedia, IMDb, and major news outlets like The New York Times and The Guardian, confirm that Benedict Cumberbatch played the role of Julian Assange in this biographical thriller. The image signals indicate the visual is not AI-generated and aligns with the subject. Therefore, the claim is factually correct."
ds4278,Misinformation,0.95,False,True,"The headline claims that Russian mansions seized by the Obama administration were intended as illegal gifts to his daughters, Sasha and Malia. This claim is demonstrably false. Evidence [1] from PolitiFact explicitly labels this narrative as 'fake news'. Evidence [6] from The Home Share, which hosts the specific headline text, is a known misinformation site, and the claim itself is debunked by the fact that the seized properties were Russian diplomatic compounds (embassies/retreats) seized in retaliation for election interference, not personal gifts to the First Family. Evidence [2] and [3] confirm the properties were diplomatic assets used by Russian diplomats, with no evidence suggesting they were gifts to the Obamas' daughters. The visual veracity signal indicates the image is not AI-ge"
ds6954,Misinformation,0.95,False,True,"The image is identified as AI-generated (confidence 0.8) with a surreal and irrelevant depiction of a man floating in space, which bears no resemblance to Prof. Martin Hairer or the context of the headline. According to the definitive rule, an AI-generated image results in a 'Misinformation' label regardless of other signals. Furthermore, the headline contains factual inaccuracies regarding his current employment; while he was previously at Warwick, current evidence confirms he is a Professor at EPFL and Imperial College London, not Warwick. The combination of a fabricated image and outdated/incorrect biographical details constitutes misinformation."
ds3303,Misinformation,0.9,False,True,"The claim states that Scandinavia includes Svalbard and Jan Mayen. According to the retrieved evidence, Scandinavia is geographically and culturally defined as comprising Denmark, Norway, and Sweden (and sometimes the Scandinavian Peninsula). Svalbard and Jan Mayen are territories of the Kingdom of Norway but are explicitly excluded from the geographical definition of Scandinavia. Svalbard is part of the Nordic region, not Scandinavia. Therefore, the claim is factually incorrect regarding the definition of the region."
ds7131,Not Misinformation,0.65,False,True,"The claim states that Karen O performed at the ceremony (the 86th Academy Awards) and wore specific fashion items. Evidence [1], [3], and [7] confirm that Karen O performed at the 86th Annual Academy Awards in 2014. While the provided evidence snippets do not explicitly detail the designer of her dress (Camilla Staerk) or the specific jewels (Neil Lane), they do not contradict the claim. The visual veracity signal indicates the image is not AI-generated. The module signals note that specific fashion details are not visible in the image or found in the snippets, but this results in a lack of confirmation rather than a definitive refutation. Given that the core event (performance) is verified and the fashion details are plausible specificities often found in fashion reports (even if not in t"
ds3839,Misinformation,0.95,False,True,"The claim contains two factual errors. First, while Dev Patel did star in the movie 'Chappie' (as confirmed by multiple evidence sources [1], [4], [5], [7]), 'Chappie' is a live-action science fiction film that utilizes visual effects and motion capture, not an animated movie in the traditional sense (Evidence [4] from the module signals and Evidence [2], [4] from retrieved sources clarify it is a live-action film with VFX). Second, and more critically, the image provided is identified as AI-generated (Visual Veracity: ai_generated=true, confidence=0.9). According to the definitive rule, if the image is AI-generated, the output must be 'Misinformation' regardless of other signals. The image does not depict a scene from the actual film or the actor, but rather an AI-generated stylized chara"
7469,Not Misinformation,0.95,False,True,"The retrieved evidence confirms that Donald Trump held a rally in Bangor, Maine, on October 15, 2016, at the Cross Insurance Center. Multiple sources, including the Press Herald, Bangor Daily News, and YouTube event listings, verify this specific date and location. The image shows Donald Trump speaking, which is consistent with the claim that he arrived to speak at a rally. While the image itself cannot be definitively geotagged to that specific moment without metadata, the headline's factual claims regarding the event (who, where, when) are supported by the evidence. The visual veracity signal indicates the image is not AI-generated. Therefore, the pair is not misinformation."
ds2506,Not Misinformation,0.85,False,True,"The claim is supported by specific evidence indicating that fencing is installed in Warsaw to protect pedestrians from falling bricks. Evidence item [3] explicitly states, 'There is now fencing around the first two buildings to catch the falling bricks and the courtyards have been closed off to visitors.' This directly corroborates the headline's assertion about the purpose of the fence. Additionally, evidence item [4] in the 'Module Signals' section (referencing a Mirror article) confirms that incidents of falling bricks have occurred in Warsaw, providing the context for why such safety measures are necessary. The image shows a real building with protective infrastructure, consistent with the description."
ds6291,Misinformation,0.95,False,True,"The image is identified as AI-generated (visual_veracity.ai_generated=true, confidence=0.9). The headline claims a 'statue riding a normal size gazelle'. While real statues of humans interacting with gazelles exist (e.g., the 'Bronze Gazelle Statue' in Tripoli or works by Marshall Fredericks), these typically depict a figure *caressing*, *holding*, or *standing with* the animal, not riding it in a manner that suggests a live animal being ridden. The visual evidence shows a human figure positioned on the back of the gazelle in a way that mimics riding, which is physically impossible for a real statue to depict as a live interaction, and the AI generation artifacts confirm the image is synthetic. Therefore, presenting this AI-generated image as a depiction of a real statue is misinformation."
ds994,Not Misinformation,0.95,False,True,"The image depicts performers forming the Olympic rings during a closing ceremony. The retrieved evidence confirms that the Olympic rings were indeed formed and displayed during the closing ceremony of the Paris 2024 Summer Olympics (held August 11, 2024) at the Stade de France. Multiple sources ([3], [4], [5], [6], [8]) describe dancers rotating large circles that were elevated to form the rings, or the final ring being lifted into place. The module signal correctly identifies the image as non-AI and aligned with the claim. Although the module's answer snippets contain hallucinated references to a 2026 Winter Olympics closing ceremony having already occurred (which is factually incorrect as of the current date, but the image itself is clearly from the 2024 Paris event based on visual cues "
7187,Not Misinformation,0.9,False,True,"The claim states that Supreme Leader Ayatollah Ali Khamenei waved during a meeting in Tehran last September. Evidence confirms that Khamenei made a public appearance in Tehran on September 17, 2022, at an Arbaeen ceremony, where he waved to the crowd [4] [8]. Additionally, he held a meeting with war veterans on September 21, 2022, in Tehran [2] [4]. The image signals indicate the photo is not AI-generated and aligns partially with the event context. Since Khamenei did wave in Tehran in September 2022, the headline is factually supported by the retrieved evidence."
ds5161,Misinformation,0.95,False,True,"The claim that Mike Pence has 'secret ties to a Russian spy agency' is factually false and contradicted by all available evidence. The retrieved sources consistently portray Pence as a staunch critic of Russia, highlighting his statements that Russian aggression is a major threat to NATO allies (Sources [3], [5], [6]) and his role in opposing Russian influence. There are no credible reports linking him to Russian espionage; instead, news regarding Pence and 'secret' matters relates to his Secret Service protection during the January 6 Capitol riot (Sources [4], [5], [7], [8]). The espionage allegations found in the evidence (Sources [1], [3], [6] under the 2023 query) concern other individuals and countries (e.g., UK/China, Iran), not Mike Pence. Therefore, the headline is a complete fabri"
8155,Misinformation,0.95,False,True,"The claim is demonstrably false on multiple factual levels. First, Charlie Pierce is a prominent journalist and political commentator (known for his work at Esquire and The Nation), not a member of Mitt Romney's staff; evidence [1], [3], [4] confirms he was a critic and observer of the Romney campaign, not a staffer. Second, the image provided depicts a scene of destruction (likely a disaster or accident site) which contradicts the specific description of a 'phone call in the doorway of a wire factory.' While there was a factory explosion in Ohio in 2012 (I Schumann & Co., mentioned in evidence [1] under 'Wire factory incident Ohio 2012 details'), the image does not depict Charlie Pierce making a phone call, nor is there any record of such an event involving him. The image appears to be un"
ds4064,Not Misinformation,0.9,False,True,"The image is a genuine photograph of Brad Pitt (visual_veracity ai_generated=false), and the headline is a standard clickbait-style question regarding his net worth, which is a factual topic. The retrieved evidence confirms that Brad Pitt's net worth is estimated to be between $300 million and $400 million (with some recent estimates reaching $500 million), derived from his acting career, production work, and investments. The image and headline are aligned and factually grounded in the public record of his financial status."
7330,Misinformation,0.95,False,True,"The image is definitively mislabeled. The module's relevancy signal correctly identifies that the image does not depict Jonathan Jones or the Millennium Bridge, but rather a group of people in an unrelated setting (noted to include a lightsaber, suggesting a cosplay or event context). The retrieved evidence confirms that Jonathan Jones is either an American football player or a British art critic, with no connection to the Millennium Bridge. Furthermore, the evidence provides descriptions and stock photos of the Millennium Bridge (e.g., [2], [9], [10] in the third evidence block) which show a pedestrian bridge over the Thames, visually distinct from the image described. Since the image does not match the headline's subject matter, it constitutes misinformation."
6119,Misinformation,0.95,False,True,"The image is identified as AI-generated with high confidence (0.8). The module signals explicitly state that the image contains 'cartoonish characters' and 'dog faces' which are contextually bizarre and do not relate to the headline. The headline 'not no way not no how' is a famous quote from the 1939 film 'The Wizard of Oz', spoken by the Gatekeeper (or the Cowardly Lion in some misremembered contexts, but the phrase is iconic to that film). The image does not depict a scene from the movie, nor does it accurately represent the characters or setting associated with the quote. Instead, it shows a surreal, AI-generated scene with a door and an octopus plush toy (as seen in evidence [4] which describes a Pinterest pin with similar text but different imagery, or potentially just a generic AI g"
8719,Misinformation,0.95,False,True,"The image is identified as AI-generated with high confidence (0.8) by the visual veracity module. The definitive rule states that if the image is AI-generated, the output must be 'Misinformation' regardless of other signals. The retrieved evidence supports the existence of 'pink and green buses' in specific contexts (e.g., Balochistan government project, children's songs like Pinkfong), but does not validate the specific visual claim of a real-world photo of such a bus parked on a grass field. The AI generation nature of the image makes the claim of it being a factual depiction of a specific event or location false."
ds6481,Not Misinformation,0.85,False,True,"The image depicts Vladimir Putin and Borut Pahor, which is factually correct as they met multiple times, including a notable visit by Putin to Slovenia in July 2016 to mark the 100th anniversary of the Russian Chapel (Evidence [3], [1] from Q2). The module signals contain a hallucinated date ('July 30, 2026') in one answer, but the other answers correctly identify the 2016 event and the individuals. The visual veracity signal indicates the image is not AI-generated. Since the core claim that the photo shows these two individuals is true, and the image is real, the label is Not Misinformation. The erroneous future date in the module's internal reasoning does not change the factual accuracy of the image identification itself."
ds8617,Misinformation,0.95,False,True,"The image is identified as AI-generated with high confidence (0.8) by the visual veracity module. According to the definitive rule, if the image is AI-generated, the output must be 'Misinformation' regardless of other signals. The headline claims the image shows a specific real-world scene ('A parking meter in front of a restaurant and parking lot'), but since the image is synthetic, it does not depict a real event or location, constituting misinformation."
5939,Misinformation,0.95,False,True,"The claim asserts that Vic Mensa has roots in Houston, Texas, which directly contradicts established facts. Evidence [1] and [3] confirm that Vic Mensa was born and raised in Chicago, Illinois, with Ghanaian and European ancestry, not Houston. Furthermore, the module's visual veracity signal indicates the image is AI-generated (confidence 0.8), which triggers the definitive rule to classify the pair as Misinformation regardless of other signals. The image itself is fabricated and does not depict a real event or person in the context claimed."
ds3503,Misinformation,0.95,False,True,"The claim that 'The Hunger Games are based on a play' is factually incorrect; the franchise originated as a series of novels by Suzanne Collins, with a play adaptation created later. More critically, the image provided is identified as AI-generated (visual_veracity ai_generated=true, confidence=0.8). According to the definitive rule, if the image is AI-generated, the output must be Misinformation regardless of other signals. The image likely depicts a surreal or nonsensical representation of the story, further supporting the misrepresentation."
ds6940,Misinformation,0.95,False,True,"The image is identified as AI-generated with high confidence (0.8) by the visual veracity module. The module notes surreal elements such as a skeleton present with the child and garbled, nonsensical text on the book, which are hallmarks of AI generation rather than a real photograph. According to the definitive rule, if the image is AI-generated, the output must be 'Misinformation' regardless of other signals. Furthermore, the retrieved evidence does not support the specific claim that there is a known comic book about trafficking being read by an Indonesian girl in this context; while anti-trafficking comics exist (e.g., distributed by Himalayan Children's Charities in Nepal), there is no evidence linking this specific AI-generated image to a real event or specific publication in Indonesi"
992,Not Misinformation,0.85,False,True,"The claim is supported by multiple pieces of evidence confirming significant flooding in the Shiawassee River watershed in Michigan during April 2026, which affected the Shiawassee National Wildlife Refuge and surrounding areas. Evidence [1], [6], and [7] explicitly state that the Shiawassee River overflowed due to heavy rainfall, causing flooding at the Shiawassee River State Game Area and the Shiawassee National Wildlife Refuge. Evidence [3] confirms that FEMA funds were allocated to Michigan residents and businesses affected by these April storms and flooding. The image depicts a flooded area with homes and businesses, which aligns with the reported damage to property in the region (Evidence [2], [4], [10]). The visual veracity signal indicates the image is not AI-generated, and the con"
ds6549,Misinformation,0.8,False,True,"The image is identified as AI-generated (confidence 0.8) by the visual veracity module, which notes the presence of surreal angel wings on the mother. According to the definitive rule, if the image is AI-generated, the output must be 'Misinformation' regardless of other signals. The headline describes a realistic scene ('A smiling young mother holding her infant child'), but the image depicts a fantastical element (wings) that is not typical in a realistic context, making the image a synthetic fabrication rather than a genuine photograph of the described event."
ds9027,Misinformation,0.95,False,True,"The visual veracity module explicitly identifies the image as AI-generated with a high confidence of 0.8, citing unnatural textures and overly perfect crusts. According to the definitive rule, if the image is AI-generated, the output must be 'Misinformation' regardless of other signals. The retrieved evidence confirms that while Chicago deep dish pizza with sausage is a real and common dish (e.g., [1] in Ingredients section), the specific image provided is not a photograph of a real pizza but a synthetic generation."
ds1998,Not Misinformation,0.85,False,True,"The claim that increasing the pace of spending cuts is likely to spark more protests is strongly supported by the retrieved evidence. Multiple sources confirm that austerity measures and spending cuts have triggered widespread protests, particularly in France (e.g., Reuters, France 24, The Journal) and historically in Greece and Spain (All Sorts of Posts). Evidence [1] from the retrieved set explicitly states that 'Episodes of instability occur twice as often when spending cuts reach 5% of GDP' and that 'Protests induced by austerity also attract far more participants'. The image depicts a protest with signs reading 'NO CUTS', which aligns with the visual veracity assessment (not AI-generated) and the contextual claim. The module signals correctly identify the alignment between the image c"
3980,Misinformation,0.95,False,True,"The claim that 'Touch My Body is a law' is factually false. 'Touch My Body' is a well-known song by Mariah Carey (released in 2008), not legislation. The retrieved evidence confirms that laws regarding physical contact are generally categorized under assault, battery, or harassment statutes, and there is no specific law titled 'Touch My Body' [1, 3, 5]. The module signals correctly identified that the image (a generic courtroom scene) is not aligned with the specific claim and that the visual is not AI-generated, but the core claim itself is a hallucination or misinformation. The evidence clearly distinguishes between the song and actual legal frameworks concerning consent and physical contact."
ds2845,Not Misinformation,0.6,False,True,"The claim describes a specific visual scene (a premium pump with a spider web in a secluded part of Arkansas). The retrieved evidence confirms that premium gas pumps exist in Arkansas [4] and that secluded gas stations exist in Arkansas [3, 4]. While there are no specific news reports confirming this exact viral image or incident [1, 6 from 'Spider web on gas pump Arkansas news' section], the visual veracity signals indicate the image is not AI-generated (ai_generated=false). The module signals note that the image shows a premium pump but lacks visible confirmation of the spider web or location. Since the image is real (not AI) and the elements (pump, potential for spider webs in secluded areas) are plausible and not contradicted by evidence, it is classified as Not Misinformation, though "
ds8721,Not Misinformation,0.85,False,True,"The image depicts a bowl of white rice and broccoli. The headline claims the image shows 'white rice, beef and a vegetable dish'. While the image clearly shows rice and a vegetable (broccoli), it does not visibly show beef. However, the module signals indicate the image is real (not AI-generated) and the relevance is 'partial' because the beef is missing from the visual. The retrieved evidence confirms that beef and rice with vegetables (like broccoli) is a very common dish combination (e.g., Beef and Broccoli, Teriyaki Beef Bowls). It is highly plausible that the beef is present but obscured by the rice or broccoli, or that the image is a representative stock photo for such a dish. Since the image is not AI-generated and the description is not demonstrably false (beef could be hidden), an"
ds9200,Misinformation,0.95,False,True,"The image is definitively identified as AI-generated (visual_veracity.ai_generated=true, confidence=0.9). The module explanation notes unnatural blending of the dog's shirt and distorted anatomy, which are hallmarks of AI generation. According to the definitive rule, if the image is AI-generated, the output must be 'Misinformation' regardless of other signals. The claim describes a specific real-world scene ('A plaid couch with a black dog sitting on it'), but the image is a synthetic fabrication, not a photograph of such a scene."
9081,Not Misinformation,0.85,False,True,"The image depicts a lunch box containing sandwiches and carrots, which aligns with the claim. While the claim also mentions a muffin and salad, the module signals correctly identify this as a 'partial' alignment because these specific items are not clearly visible or distinct in the image. However, the image is verified as real (not AI-generated) and depicts a plausible, typical lunch box scenario supported by general knowledge about packed lunches (sandwiches, veggies). The absence of a clearly visible muffin or salad does not make the image 'misinformation' in the sense of being fake or deceptive; it is simply an incomplete match to the detailed text description. The core subject (lunch box with sandwich and carrots) is accurate. Therefore, it is not misinformation."
ds2006,Not Misinformation,0.65,False,True,"The image is verified as genuine (AI-generated=false) and depicts people near an airplane, which aligns with the first part of the claim. The claim also mentions individuals in military uniform. While the specific event linking these two elements (people lining up near a plane with military personnel present) is not explicitly detailed in the provided search results as a single viral incident, the presence of military personnel at airports is a common and documented reality (e.g., troop travel, ICE agents, National Guard, as seen in evidence items [2], [6], [7] from the 'Military uniform presence' section). The module's relevancy signal is 'partial' due to limited visibility of uniforms, but there is no evidence contradicting the presence of military personnel in such settings. The retriev"
ds6266,Misinformation,0.9,False,True,"The image is identified as AI-generated with high confidence (0.9) by the visual veracity module. The image depicts a turkey flying over a cityscape, which is physically impossible in a realistic context and clearly digitally inserted. According to the definitive rule, if the image is AI-generated, the output must be 'Misinformation' regardless of other signals. The headline 'how no one has done this is beyond me' is unrelated to the visual content (a turkey in a city), further indicating a mismatch, but the primary driver for the 'Misinformation' label is the synthetic nature of the image."
5060,Misinformation,0.9,False,True,"The headline claims that 'Experts Warn Against Using Smartphones Due to Harmful Radiation Exposure Linked to Cancer,' which presents a definitive warning and causal link that contradicts the scientific consensus. Evidence from major health organizations (FDA, CDC, National Cancer Institute) and multiple studies indicates there is no definitive scientific evidence linking smartphone radiation to cancer in humans [1, 4, 9, 10]. While some studies suggest potential non-thermal effects or links to blue light and cancer, the primary consensus is that the risk is low or unproven, and experts do not generally 'warn against using' smartphones outright [1, 2, 3, 6]. The claim misrepresents the nuanced scientific debate as a definitive expert warning, constituting misinformation."
2169,Not Misinformation,0.85,False,True,"The image is verified as a genuine photograph (AI-generated=false) and contains items consistent with the headline (shoes, cap, iPod, name tag). The retrieved evidence confirms the existence and cultural relevance of these items (e.g., iPod history [2], name tag significance [1] in [3]). While the headline is a list of items rather than a specific factual claim about a unique event, the visual content aligns with the textual description, and there is no evidence of manipulation or AI generation. The partial relevancy noted in the module signals is due to the generic nature of the list, but the core assertion that these items are present is supported by the visual evidence and general knowledge."
ds372,Misinformation,0.85,False,True,"The headline 'Lost direction Rusting emergency vehicle used in the 1970 protests at Jackson State College Mississippi' is factually incorrect and misleading. Evidence [4] from BBC News reveals that the phrase 'Lost direction: Rusting emergency vehicle used in the 1970 protests at Jackson State College, Mississippi' is actually the title of an article by Sean Coughlan discussing the UK's poor maths standards, not a description of a historical artifact from Jackson State. The 'rusting emergency vehicle' is likely a metaphorical or unrelated image used in that specific BBC article about education, or the claim is a hallucination conflating the headline text with the image. There is no evidence that a rusting emergency vehicle was a significant or documented part of the 1970 Jackson State prot"
ds2864,Not Misinformation,0.85,False,True,"The claim that dye leaked to create polka dots on a peeled egg is scientifically and practically implausible. Evidence [2] from stepbystep.com and [7] from Everyday Laura explicitly describe methods for creating polka dot eggs using stickers or wax resist *before* dyeing, which results in the dots appearing after peeling or drying. The visual appearance of polka dots on eggs is a standard craft technique, not a result of accidental dye leakage during peeling. Dye leakage typically results in splotches or uneven coloring, not distinct, uniform polka dots. Therefore, the headline misrepresents the cause of the visual effect shown in the image, but since the image itself is real (not AI-generated) and depicts a common craft outcome, the claim is misleading rather than 'misinformation' in the "
ds9049,Not Misinformation,0.85,False,True,"The claim describes a living room with a fireplace, table, and chair. The module signals indicate the image is a genuine photograph (not AI-generated) and shows a living room with chairs and a table, but lacks a visible fireplace. The 'relevancy' signal notes this partial alignment. Since the image is verified as real (not AI) and depicts a plausible living room scene that aligns partially with the description (furniture present, fireplace absent but not necessarily contradictory in a general context or potentially obscured/out of frame), it does not constitute misinformation. Misinformation typically requires a false claim about a specific event or a deceptive AI generation. Here, the image is a real photo of a room that matches most of the description. The absence of the fireplace makes "
4960,Not Misinformation,0.85,False,True,"The headline 'J-Rod! Jennifer Lopez and Alex Rodriguez on Love, Beauty, and Redemption' is a direct reference to a specific, real-world media event: the December 2017 Vanity Fair cover story featuring the couple, where they discussed these exact themes [1, 2, 4]. While the couple ended their engagement in 2021 and has since split, the headline accurately describes the content of that past interview. The image signals indicate the photo is not AI-generated (ai_generated=false), and the visual of a couple in a romantic setting is consistent with the promotional material for that 2017 feature. The claim does not assert they are currently together or that the interview is new; it simply states the title and subjects of the known piece. Therefore, it is not misinformation."
5575,Misinformation,0.85,False,True,"The claim that Bradley Cooper and Lady Gaga were spotted kissing on a romantic getaway to Italy is false. Evidence confirms that while the two were in Italy (Venice) for the premiere of 'A Star Is Born' in August 2018, their interactions were professional and part of the film's promotional tour, not a private romantic getaway. Reports indicate they maintained a close friendship but were not dating, and Gaga has explicitly stated their on-screen chemistry was a performance. There are no credible reports of them kissing in Italy during a romantic trip; the image likely depicts a staged promotional moment or is unrelated/misattributed. The 'romantic getaway' framing is a fabrication inconsistent with the known facts of their public appearances in Italy."
ds1060,Not Misinformation,0.85,False,True,"The claim states that a man holds his son while participating in a candlelight vigil in New York. The retrieved evidence confirms that multiple candlelight vigils have occurred in New York City recently (e.g., for Lobga Rangzen, Inisa BK, Tessa Majors, etc.). The image signals indicate the photo is real (not AI-generated) and depicts a man holding a child at a solemn nighttime gathering, which is consistent with the visual nature of such vigils. While the specific identity of the individuals or the exact cause of the vigil in the photo cannot be definitively pinned to a single event without metadata, the general claim that such a scene occurs in New York is factually supported by the existence of these events. The image is not AI-generated, and the context of a vigil in NY is verified. The"
ds5403,Not Misinformation,0.75,False,True,"The headline presents a speculative analysis ('Speculation Grows', 'Political Strategy or Strategic Distraction') rather than a definitive factual claim about a specific event. The image shows a protest banner reading 'IMPEACHMENT', which is visually consistent with the topic. Evidence confirms that impeachment is a current political topic involving Donald Trump, with Democrats planning investigations as a precursor to potential impeachment (Sources [3], [4], [6]). The image is verified as not AI-generated (visual_veracity ai_generated=false). While the headline's specific claim about 'manipulation of public discourse' is a subjective interpretation, the core subject matter (impeachment talk) is grounded in current political reality, and the image is a genuine representation of public sent"
8341,Not Misinformation,0.85,False,True,"The claim consists of two parts: (1) The Riverside Museum is the European Museum of the Year 2013, and (2) it has seen a drop in visitors. Evidence [1] through [10] in the first section definitively confirm that the Riverside Museum in Glasgow won the European Museum of the Year Award in 2013. Regarding the second part, while specific 2023 statistics for the Riverside Museum are not explicitly detailed in the snippets, Evidence [2] and [6] confirm a broader industry trend where visitor numbers at museums and attractions in the UK are down compared to pre-pandemic levels (down 10% on average, or 8.8% for attractions). Given that the Riverside Museum is a major attraction, it is factually consistent with the reported sector-wide decline. The image is verified as real (not AI-generated) and d"
ds5714,Misinformation,0.95,False,True,"The image is identified as AI-generated (visual_veracity.ai_generated=true, confidence=0.8). According to the definitive rule, if the image is AI-generated, the output must be 'Misinformation' regardless of other signals. Additionally, the claim that Babur was an 'Educator Paving the Way for Educational Excellence' is historically inaccurate; while Babur was a scholar and his memoirs are literary contributions, he did not implement educational reforms or serve as an educator in the manner suggested. The evidence confirms he was a conqueror who laid the groundwork for the empire, but specific educational reforms are not attributed to him, and the image is a fabricated representation."
1795,Not Misinformation,0.85,False,True,"The claim states that Justin Fashanu is described as intelligent, witty, honest, and articulate in Nick Baker's 'Forbidden Forward'. Evidence confirms that Nick Baker is the author of 'Forbidden Forward: The Justin Fashanu Story' [1, 2, 9]. The book is described as a 'sensitive but brutally candid portrait' [1, 7] and a 'meticulously researched' biography [1, 2]. While the specific adjectives 'intelligent, witty, honest and articulate' are not explicitly quoted in the provided snippets, the book's description as a 'candid portrait' and Fashanu's own public statements about wanting to be 'honest and truthful' [3] align with the general characterization of his personality in biographical literature. The image is identified as a genuine photograph of Justin Fashanu [visual_veracity: ai_genera"
7759,Not Misinformation,0.75,False,True,"The image depicts a power station with cooling towers, which is consistent with the appearance of the Dong Energy (now Ørsted) Severn Power Station in Newport, South Wales, a gas-fired facility opened in 2011. Evidence [1] from The Guardian explicitly links a photograph of Dong Energy's gas-fired power station in Newport to the topic of gas capacity payments, confirming the existence and relevance of this specific facility in the context of UK energy policy. While the image itself is a generic stock-style photo (Getty Images credit in Evidence [1]), it is a real photograph of the subject matter, not AI-generated. The claim that the government has proposed gas as a bridging technology is supported by Evidence [2] and [9], which discuss the UK government's focus on gas as a bridging fuel, de"
6026,Misinformation,0.95,False,True,"The image is identified as AI-generated with high confidence (0.8) by the module signals, which triggers the definitive rule to classify the pair as Misinformation regardless of other factors. The headline 'oh god jay no youre killing everybody' is sensational and lacks context, while the image appears to be a manipulated or synthetic depiction of a talk show setting that does not substantively support the claim of murder or mass killing. The retrieved evidence confirms that Jay-Z (the most likely referent for 'Jay' in this context) has not killed anyone, and recent reports confirm he is alive, debunking any death hoax implications. The combination of an AI-generated image and a false/sensational headline constitutes misinformation."
5977,Misinformation,0.95,False,True,"The claim states that Konidela Production Company has emerged as a key player in the Chinese entertainment industry. However, all retrieved evidence confirms that Konidela Production Company is an Indian film production company established by actor Ram Charan, based in Hyderabad, India, and focused exclusively on Telugu (Tollywood) cinema. There is no evidence of any expansion, projects, or involvement in the Chinese entertainment industry. The claim is factually incorrect and unsupported by any credible sources."
ds9954,Misinformation,0.95,False,True,"The claim states that Jinyun and Yahong 'celebrate' in Morecambe Bay. However, the retrieved evidence [10] from The Guardian explicitly identifies Jinyun and Yahong as the widows of Chinese cocklepickers who died in the 2004 Morecambe Bay disaster. The context of their association with Morecambe Bay is one of tragedy and loss, not celebration. The image provided (described as two women) is likely being used deceptively to suggest a happy event, whereas the factual reality is that these individuals are victims' relatives associated with a fatal incident. Therefore, the headline misrepresents the nature of the event and the subjects' situation, constituting misinformation."
ds5647,Misinformation,0.95,False,True,"The claim that Pfizer CEO Albert Bourla admitted the COVID-19 vaccine causes permanent brain damage is false. Multiple fact-checks and credible sources confirm that Bourla has never made such an admission. Claims that he described vaccines as 'quite dangerous' or admitted to causing severe harm are debunked; he has consistently stated that no corners were cut in testing and that the vaccine is safe and effective (Evidence [2], [4], [6]). While there are reports of rare neurological side effects (like facial paralysis) and ongoing monitoring for long-term impacts, there is no evidence supporting the specific claim of 'permanent brain damage' admitted by the CEO (Evidence [5] in answers, [4] in evidence). The image provided is likely a generic stock photo or presentation slide used to lend f"
ds451,Not Misinformation,0.95,False,True,"The retrieved evidence confirms that Paul Wilson did indeed hit Alwyn Pritchard and fled the scene. Multiple credible news sources (BBC, Wales Online, The Mirror) report that Paul Wilson, a drink-driver, struck Alwyn Pritchard, a PCSO, while riding his motorbike and then fled the scene, resulting in Pritchard's death. The headline accurately reflects these established facts. Although the module signals indicated low relevancy for the specific image (likely because the image itself is generic or unrelated to the specific individuals), the claim text itself is factually supported by the evidence. The definitive rule regarding AI-generated images does not apply as the visual veracity signal indicated the image was not AI-generated (though the confidence was low, the evidence supports the trut"
ds8199,Not Misinformation,0.95,False,True,"The claim that the death of former Putin aide Mikhail Lesin at a DC hotel was ruled accidental is factually correct based on multiple credible news sources. While initial autopsies in March 2016 indicated blunt force trauma, U.S. authorities (U.S. Attorney's Office) officially ruled the death an accident in October 2016, attributing it to accidental falls and alcohol poisoning after days of excessive drinking. Evidence items [5], [7], [1], [2], [3], [4], and [5] from the retrieved list explicitly confirm this final ruling. The module signals correctly identified the event but incorrectly assessed the image relevancy; however, since the image is not AI-generated and the textual claim is supported by evidence, the overall verdict is Not Misinformation."
1436,Not Misinformation,0.95,False,True,"The retrieved evidence confirms that musician Buddy Guy attended the Kennedy Center Honors reception at the White House on December 2, 2012. Multiple sources, including Alamy stock photo descriptions [4, 5] and news reports [1, 3], explicitly state: 'Musician Buddy Guy attends the Kennedy Center Honors reception at the White House... on December 2, 2012.' The image shows Buddy Guy in formal attire, consistent with this event. Although the module signals mention a 2022 reception and a different White House dinner (MBS), the specific claim regarding Buddy Guy's attendance at the 2012 event is factually supported by the evidence. The image is identified as genuine (not AI-generated)."
ds1062,Not Misinformation,0.95,False,True,"The image and headline accurately describe a specific event that occurred in July 2016: WMATA's SafeTrack Surge #4, which involved service changes on the Yellow Line. Evidence [1] from WMATA confirms that Surge #4 began on July 12, 2016, and resulted in a shutdown of the Blue and Yellow lines between Reagan National Airport and Pentagon City. Evidence [1] from the Washington Post also explicitly titles a guide 'Your guide to riding the Yellow Line during SafeTrack's fourth surge,' matching the claim's phrasing. The module's visual veracity signal indicates the image is not AI-generated (ai_generated=false), and the content aligns with historical records of the SafeTrack program's impact on the DC Metro system."
7439,Misinformation,0.95,False,True,"The headline claims President Obama held a campaign event in Roanoke 'earlier this month' (implying a recent event, likely October 2023 given the context of the search queries). However, evidence [2], [5], and [7] confirm that President Obama's last campaign event in Roanoke, Virginia, occurred on July 13, 2012, during his re-election bid. There is no record of Barack Obama holding a campaign event in Roanoke in October 2023 or any recent period, as he left office in 2017. The image is likely a recycled photo from the 2012 event. Therefore, the claim that he was there 'earlier this month' is false."
2915,Not Misinformation,0.75,False,True,"The claim states that the restroom entrance has a detailed map for the blind. The visual evidence shows a restroom sign, and while the specific tactile features (like Braille or 3D relief) are not clearly resolvable in the low-resolution image, the module signals indicate the image is real (not AI-generated) and the relevance is partially aligned. Crucially, the retrieved evidence confirms that tactile 3D-printed restroom maps for the blind do exist and are being implemented by organizations like 'Even Grounds' (Sources [1], [2]). Therefore, it is plausible and factually supported that such a map could be present at a restroom entrance, even if the specific instance in the image cannot be definitively verified as tactile from the photo alone. The claim is not demonstrably false or misleadi"
ds8815,Misinformation,0.95,False,True,"The image is definitively identified as AI-generated (visual_veracity ai_generated=true, confidence=0.9). The module signals explicitly state that the image depicts a bear's head under a blanket, which contradicts the claim of a 'white, beige and brown baby blanket'. Furthermore, the relevancy signal confirms the image is unrelated to the subject described. According to the definitive rule, if the image is AI-generated, the output must be Misinformation regardless of other signals."
2756,Misinformation,0.95,False,True,"The image is identified as AI-generated with high confidence (0.9) by the visual veracity module, which notes unnatural and distorted features resembling claws rather than human hands. According to the definitive rule, if the image is AI-generated, the output must be 'Misinformation' regardless of other signals. While the headline references a real medical case (Abul Bajandar, the 'Tree Man' of Bangladesh) who underwent surgeries in 2017, the use of an AI-generated image to illustrate the claim constitutes visual misinformation, as the image does not depict the actual person or event described."
ds7291,Not Misinformation,0.95,False,True,"The claim is supported by specific evidence. Evidence item [5] from Getty Images explicitly states: 'Nicky Henderson with Sprinter Sacre during a stable visit to Seven Barrows on February 18, 2013 in Lambourn, England.' This confirms the presence of both individuals at the specified location during the specified month and year. While the claim uses the term 'open day' and the evidence refers to a 'stable visit,' these terms are often used interchangeably in media reports for public or semi-public appearances at stables, and the core factual elements (Who, Where, When) align perfectly. The image is verified as real (AI-generated=false)."
ds2311,Misinformation,0.85,False,True,"The headline claims a 'big cat' is sitting in a 'little bowl'. In zoological and common parlance, 'big cats' refers to large wild felines such as lions, tigers, leopards, and jaguars (Evidence [4], [5]). These animals are physically incapable of fitting into a 'little bowl' due to their massive size. The retrieved evidence confirms that big cats are large wild species (Evidence [4], [5]) and that the behavior of sitting in small bowls is characteristic of domestic cats or very small animals (Evidence [6], [3]). The image likely depicts a domestic cat (a 'small cat' relative to the 'big cat' category), making the headline a misleading use of terminology to create a false impression of a wild animal in an impossible situation. Therefore, the claim is misinformation based on the definition of"
9577,Not Misinformation,0.85,False,True,"The headline contains a typo ('waiting' instead of 'accident'), but the core claim is factually supported by evidence. Brian and Eileen Maguire, parents of Brian Óg Maguire, explicitly stated that his death was an 'accident waiting to happen' due to inadequate health and safety procedures at the Quinn concrete factory where he died in 2012 [4, 5]. The retrieved evidence confirms the identity of the speakers and the specific quote used in the headline (correcting for the typo). The image signals indicate the image is not AI-generated and is partially aligned with the context (showing the family in a serious situation), which is consistent with news coverage of the Maguire family's advocacy for workplace safety following their son's death."
ds9145,Misinformation,0.95,False,True,"The image is identified as AI-generated with high confidence (0.8) by the visual veracity module. The module notes that the image displays 'highly stylized' features, 'overly perfect' flowers lacking natural imperfections, and inconsistent lighting and shadows, which are characteristic of AI synthesis rather than a real photograph. According to the definitive rule, if the image is AI-generated, the output must be 'Misinformation' regardless of other signals. The claim describes a specific real-world scene ('A vase with purple iris's sitting next to a ceramic pitcher'), but the image provided is a synthetic fabrication, not a depiction of a real event or object."
ds9362,Not Misinformation,0.85,False,True,"The claim states that a surfer wearing red and black shorts rides a white surfboard. The retrieved evidence confirms that images and stock photos exist depicting surfers on white surfboards (Sources [1], [2], [3], [6], [8]) and surfers wearing red or black shorts (Sources [1], [3], [8]). Specifically, Source [1] under the 'Surfer in red and black shorts news' query describes a 'Man in Black Shorts Holding White and Red Surfboard', and Source [8] describes a 'Man in black shirt and black shorts riding on white and red surfboard'. While the module signals noted a partial alignment regarding the specific color order of the shorts (red and black vs black and red), the visual evidence supports the presence of a surfer with mixed red/black attire on a white board. The image is verified as real ("
ds1099,Not Misinformation,0.85,False,True,"The image depicts rescue workers removing a body, which is consistent with the aftermath of the March 27, 2016, suicide bombing at Gulshan-e-Iqbal Park in Lahore, where over 70 people were killed and rescue teams were actively recovering victims [1, 5, 8]. The headline accurately describes the event and the actions of Pakistani rescue workers in that context. While the image could theoretically be from another incident involving body recovery (as rescue workers perform this task in various disasters), it is not demonstrably false or misleading in the context of the Lahore bombing, for which such imagery is standard and documented. The visual veracity signal indicates the image is not AI-generated, and the content aligns with historical records of the event."
4642,Not Misinformation,0.85,False,True,"The headline claims Cindy Crawford discussed her daughter Kaia Gerber's modeling future and her relationship with Kendall Jenner. The retrieved evidence confirms that Cindy Crawford has indeed interviewed Kaia Gerber (e.g., for Teen Vogue in 2016 and other outlets) discussing Kaia's confidence and modeling career, often comparing it to her own start at age 17. Evidence [8] from People.com (2020) explicitly discusses Kaia as the 'Next Kendall Jenner' and her modeling future. Evidence [6] from Vanity Fair (2016) quotes Kaia calling Kendall Jenner 'normal,' and general media coverage frequently discusses the connection between the two models. While the specific quote 'Loves Kendall Jenner' might be a sensationalized interpretation of their close friendship or professional admiration, the core"
4230,Not Misinformation,0.85,False,True,"The headline claims Amber Heard is talking for the first time about her marriage to Johnny Depp. Evidence [7] in the retrieved set explicitly contains a headline 'Amber Heard Talks for First Time About Marriage to Johnny Depp' from ET Online, dated Feb 17, 2014 (and referenced again in snippet 1 of the same section). This confirms that such an interview/exclusive did occur. While the image provided is a generic stock-style photo of Amber Heard (likely from a later event, e.g., 2023 Madrid appearance per snippet 3 of the second evidence block) and does not depict the specific 2014 interview, the claim itself is factually grounded in real events. The image serves as a visual identifier for the subject (Amber Heard) rather than a deceptive fabrication of the event. The visual veracity is real"
ds5610,Misinformation,0.95,False,True,"The image is identified as AI-generated with high confidence (0.8), which triggers the definitive rule to classify the pair as Misinformation regardless of other signals. Furthermore, the claim that plants communicate 'telepathically' is scientifically inaccurate. While recent studies (e.g., in Nature Communications, 2023) confirm that plants communicate via airborne chemical compounds (volatile organic compounds) and electrical signals, these are physical and chemical processes, not telepathy. The term 'telepathy' implies a paranormal or non-physical transfer of information, which is not supported by the evidence. The retrieved evidence clarifies that while some fringe sources or misinterpretations use the word 'telepathic' to describe nanomechanical oscillations, mainstream science defin"
978,Not Misinformation,0.85,False,True,"The claim states that Frank Gehry-designed Power Play chairs are among the stylish touches in the Winter Garden. Evidence confirms that Frank Gehry indeed designed the 'Power Play' chair collection for Knoll in 1990, characterized by bentwood strips inspired by apple crates (Sources [1], [7], [5] from Q1/Q3). The image shows chairs consistent with this design. While the specific location 'Winter Garden' could refer to the city in Florida, the Sheffield Winter Garden, or the Pittsburgh event space, the presence of these specific designer chairs in a venue named 'Winter Garden' is a plausible interior design fact. There is no evidence suggesting the chairs are fake or the location is misrepresented in a way that constitutes misinformation. The visual veracity is confirmed as real (not AI-gen"
9323,Not Misinformation,0.85,False,True,"The claim describes a 'sink with a cabinet on legs in a bathroom'. The module signals indicate that the image is a genuine photograph (not AI-generated) and depicts a bathroom setting, although it notes a discrepancy between the specific visual content (toilet/storage) and the headline's specific object (sink with cabinet on legs). However, the retrieved evidence confirms that 'bathroom cabinets on legs' (often called legged vanities) are a real, common product category (e.g., [1], [5], [8], [Spry Interior [2]]). The evidence supports the existence and plausibility of the object described in the claim. Since the image is verified as real (not AI) and the claim describes a plausible real-world object found in the context of the image (a bathroom), the pair is not classified as misinformatio"
4284,Misinformation,0.85,False,True,"The claim contains multiple factual errors and misleading elements. First, the headline refers to Sophia Hutchins as 'gal pal' and implies a romantic escort scenario, whereas evidence [1] from IBTimes and [3] from AOL confirm that Sophia Hutchins explicitly stated they were 'never romantically involved' and were just friends/business partners. Second, the claim states Caitlyn Jenner is 68; however, Caitlyn Jenner was born in 1949, making her 75 in 2024 (or 76 in 2025), not 68. Third, the claim implies Sophia Hutchins is alive to be escorted, but evidence [1] from Wikipedia and [4] from Economic Times confirm that Sophia Hutchins died in an ATV accident in July 2025. Therefore, the event described is impossible as stated. The image relevance is also low as it does not depict the specific sc"
8063,Misinformation,0.85,False,True,"The claim asserts that the image shows Taiko drummers at the Deep River festival in Ontario, Canada. Evidence indicates that while a 'Deep River' exists in Ontario (Deep River, ON) and hosts events like the 'Deep River Summerfest' and 'Deep River Ancient Muster' (which features fifers and drummers, not Taiko), there is no evidence linking Taiko drumming performances to this specific location or festival. Conversely, Taiko drummers are documented performing at other Canadian festivals, such as the Dragon Boat Festival in Victoria, British Columbia [Evidence 2, Q2]. The image is likely a stock photo or a photo from a different event (e.g., Victoria, BC) mislabeled to fit a specific, unverified narrative about Ontario. The module signals also note that the image is not AI-generated, but the c"
7259,Not Misinformation,0.85,False,True,"The claim states that Bernie Sanders speaks in Des Moines, Iowa on Thursday. The retrieved evidence confirms that Bernie Sanders has spoken in Des Moines on multiple occasions, including a rally (Source 1), a live broadcast during the Iowa Caucus (Source 2), and an end-of-year news conference (Source 4). While the specific day 'Thursday' is not explicitly dated in the snippets, the core assertion that he speaks in Des Moines is factually supported by multiple records. The module signals indicate the image is not AI-generated and is relevant. There is no evidence to suggest the specific instance depicted is false or misleading, and the general claim is consistent with historical facts."
ds9228,Not Misinformation,0.85,False,True,"The image depicts a boat on a canal, which aligns with the claim. The module signals indicate the image is not AI-generated (visual_veracity.ai_generated=false). The retrieved evidence confirms that large passenger boats operate on canals, specifically citing 'Cruises | Manchester' which describes 'Fully licenced centrally heated passenger boats with a capacity of 50' on canal and river cruises [6]. Additionally, evidence [9] mentions 'Amsterdam Canal Cruises' with 'beautifully restored boats' that are distinct from 'larger passenger boats' in other contexts, implying the existence of such boats in canal settings. While the specific boat in the image cannot be definitively identified as a 'large passenger boat' without more visual detail, the claim is plausible and supported by the existen"
ds6725,Misinformation,0.8,False,True,"The image is identified as AI-generated with high confidence (0.8) by the visual veracity module. The module notes surreal elements such as a floating coffee cup and water defying gravity, which are characteristic of AI generation rather than real-world photography. According to the definitive rule, if the image is AI-generated, the output must be 'Misinformation' regardless of other signals. While the claim that fire hydrants can be painted in patriotic colors is factually true (supported by evidence of Bicentennial traditions and modern community projects), the specific image provided is not a real photograph of such a hydrant but a synthetic creation."
2826,Not Misinformation,0.85,False,True,"The claim states that the mug changes color depending on how much coffee is in it. While the phrasing 'how much' might imply a volume-based mechanism, in the context of consumer products, this is commonly understood to refer to the temperature change associated with filling the mug (i.e., it changes color when filled with hot coffee). The retrieved evidence confirms that color-changing mugs are real, widely available products that use thermochromic materials to change color when exposed to hot liquids (coffee). The image shows a standard coffee mug, and the module signals indicate it is not AI-generated. The visual evidence (a hand holding a mug) is consistent with the product category described. There is no evidence of deception or AI generation; the product exists and functions as descri"
ds1564,Misinformation,0.95,False,True,"The claim states that Woody Allen received the Cecil B. DeMille Lifetime Achievement Award 'this year'. Based on the retrieved evidence, the 2023 Golden Globes (held in January 2023) awarded the Cecil B. DeMille Award to Eddie Murphy, not Woody Allen [2, 3]. Woody Allen previously received this award in 2014 [8, 9, 10]. There is no evidence that Woody Allen received the award in 2023 or 2024. The module signals contain a contradiction, with one answer incorrectly stating Woody Allen received it in 2023, but the definitive web evidence confirms Eddie Murphy was the 2023 recipient. Therefore, the claim is factually incorrect regarding the recipient and the year."
ds2594,Misinformation,0.95,False,True,"The image is identified as AI-generated with high confidence (0.8) due to unnatural finger warping and inconsistent nail textures, as noted in the visual veracity signals. According to the definitive rule, if an image is AI-generated, it must be classified as Misinformation regardless of other signals. While the headline's claim about nail polish changing color with light is scientifically plausible (supported by evidence regarding photochromic and multichrome polishes), the use of an AI-generated image to illustrate or support the claim constitutes misinformation because the visual evidence is fabricated and not a real representation of the phenomenon."
ds2926,Misinformation,0.95,False,True,"The claim that the debugging tool icon on the Touch Bar is a can of bug spray is false. In software development, 'debugging' refers to the process of finding and fixing errors (bugs) in code, not removing insects. Evidence [9] explicitly clarifies that while an image might show a person spraying bugs on a screen as a visual pun, the term 'bug' in this context refers to code errors. Furthermore, evidence [1] and [2] from the module signals and retrieved data indicate that debugging icons are typically represented by symbols like lightning bolts or tool icons, not literal insect repellent. The claim relies on a literal interpretation of the word 'bug' which is incorrect in the context of software tools."
ds1829,Not Misinformation,0.9,False,True,"The image depicts an MRAP vehicle, and the claim that US school districts (specifically through campus police or law enforcement units associated with schools) have acquired such vehicles via Pentagon surplus programs is factually supported by multiple credible sources. Evidence [4] from Smithsonian Magazine explicitly lists schools that acquired MRAPs from the military. Evidence [5] confirms Saddleback College's campus police acquired an MRAP via the DoD Excess Property Program 1033. Evidence [7] confirms the San Diego Unified School District police acquired an MRAP through the federal surplus program. The visual veracity indicates the image is not AI-generated. Therefore, the headline accurately reflects documented events."
3415,Misinformation,0.95,False,True,"The claim that Hezbollah received zero support from Iran is factually incorrect and directly contradicted by extensive evidence. Multiple authoritative sources, including the US State Department, Wikipedia, Britannica, and the Council on Foreign Relations, confirm that Iran is a key patron of Hezbollah, providing significant funding, weapons, training, and political aid since the group's inception in the early 1980s. The retrieved evidence explicitly states that Iran provides 'most of its funding, training, weapons and explosives' and helped build the group from the beginning. Therefore, the claim is false."
ds4821,Not Misinformation,0.65,False,True,"The claim that Meghan Markle kept her romance with Prince Harry secret from her Suits cast mates is not supported by the evidence, which indicates the opposite. Multiple sources confirm that her Suits co-stars were aware of the relationship and reacted positively to her engagement. For instance, evidence [2] from the 'answers' module cites Sarah Rafferty discussing the romance, and evidence [1] from the 'Suits cast reactions' section explicitly states that co-stars were 'happier for her' and reacted with 'glee, humor and overall well wishes' upon the publicized engagement. Furthermore, evidence [1] from the 'Suits cast comments' section mentions cast members attending the wedding. While the relationship was kept private from the general public initially, there is no evidence suggesting she"
ds4939,Misinformation,0.85,False,True,"The headline claims a specific individual named 'Cait' is facing knee surgery due to refusing to wear stilettos. The evidence shows no recent news linking any public figure named Cait to knee surgery caused by high heels. The only 'Cait' with recent surgery news is Cait Keen, who had major surgery for a fibroid (not knee-related) [2]. Another Cait, Cait McMahan, had knee surgery in 2006, which is not recent [3]. The term 'Stiletto Surgery' found in the evidence refers to elective foot surgeries (like toe shortening) to accommodate high heels, not knee surgery resulting from injury [2, 4]. The image is a generic stock photo of a woman in heels, not a specific person named Cait. The claim conflates general health risks of high heels with a specific, unverified, and likely fabricated narrativ"
ds9253,Not Misinformation,0.85,False,True,"The image depicts a realistic scene containing a coffee beverage, a slice of cake (consistent with coffee cake), and a banana. The headline claims the display includes 'coffee cake, a pastry and a beverage'. While the image also shows a banana not mentioned in the headline, this constitutes an omission rather than a contradiction or fabrication. The visual veracity signals indicate the image is not AI-generated (ai_generated=false), and the content aligns with the general description of food items served with coffee. The evidence confirms that coffee cake is a common accompaniment to coffee, supporting the plausibility of the scene. Therefore, the claim is not considered misinformation."
4557,Not Misinformation,0.85,False,True,"The claim that Irish actress Ruth Negga's Hollywood star status is soaring is supported by extensive evidence. Multiple sources confirm her rising prominence, citing her Oscar nomination for 'Loving' (2016), her role in the acclaimed film 'Passing' (2021), and her casting in high-profile projects like 'Presumed Innocent' and 'Good Grief' [1, 2, 6, 7, 10]. She has been featured on the cover of Vogue and described by industry outlets as a 'new Irish star' and 'Hollywood's Next Big Thing' [1, 4, 6, 10]. While the module signals note that the specific image does not clearly depict Ruth Negga, the headline itself is factually accurate regarding her career trajectory. The image relevance is partial, but the core claim is true. The visual veracity is not AI-generated, so the definitive rule for m"
ds8684,Misinformation,0.95,False,True,"The image is identified as AI-generated with high confidence (0.8) by the visual veracity module, citing unnatural fur patterns and surreal color blending. According to the definitive rule, if an image is AI-generated, it must be classified as Misinformation regardless of other signals. The headline claims the image depicts a specific real-world scene ('A cat and dog on wooden benches next to a stairwell'), but the image itself is a synthetic creation, not a photograph of such a scene. Therefore, the claim that this is a photo of that specific event is false."
